Pin_1:out_pin_check_successful,Pin_1:local_number_retries,Pin_1:local_pin_test,Pin_1:expected_pin,Pin_1:actual_pin_values,Pin_1:local_test_data_expected,Pin_1:local_test_data_actual,Main_1:loan,Main_1:term,Main_1:loan_type,Main_1:term_type,Main_1:obtained_result,Main_1:pin_check_successful,GraphPath
,,,,,,,999,4,,,,,Main_1:Node_loanTest0_1 ; Main_1:Assign_4 ; Main_1:_Term_test0__12 ; Main_1:Assign_15 ; Main_1:Assign_21 ; Main_1:Virtual_Flowchart_End_26 ; 
,,,,,,,999,5,,,,,Main_1:Node_loanTest0_1 ; Main_1:Assign_4 ; Main_1:_Term_test0__12 ; Main_1:Assign_18 ; Main_1:Assign_21 ; Main_1:Virtual_Flowchart_End_26 ; 
,,,,,,,98712,4,,,,,Main_1:Node_loanTest0_1 ; Main_1:Node_loanTest1_5 ; Main_1:Assign_8 ; Main_1:_Term_test0__12 ; Main_1:Assign_15 ; Main_1:Assign_21 ; Main_1:Virtual_Flowchart_End_26 ; 
,,,,,,,99056,5,,,,,Main_1:Node_loanTest0_1 ; Main_1:Node_loanTest1_5 ; Main_1:Assign_8 ; Main_1:_Term_test0__12 ; Main_1:Assign_18 ; Main_1:Assign_21 ; Main_1:Virtual_Flowchart_End_26 ; 
,,,,[0]=1234 ; ,,,100000,4,,,,,Main_1:Node_loanTest0_1 ; Main_1:Node_loanTest1_5 ; Main_1:Assign_11 ; Main_1:Invoke_Pin_Check_25 ; Pin_1:Get_expected_pin_value_20 ; Pin_1:Read_CSV_21 ; Pin_1:Set_expected_pin_22 ; Pin_1:Read_CSV_24 ; Pin_1:If_14 ; Pin_1:Assign_16 ; Pin_1:pinTest0_11 ; Pin_1:Assign_10 ; Pin_1:Virtual_Flowchart_End_26 ; Main_1:CheckedPin_24 ; Main_1:_Term_test0__12 ; Main_1:Assign_15 ; Main_1:Assign_21 ; Main_1:Virtual_Flowchart_End_26 ; 
,,,,[0]=1234 ; ,,,100000,5,,,,,Main_1:Node_loanTest0_1 ; Main_1:Node_loanTest1_5 ; Main_1:Assign_11 ; Main_1:Invoke_Pin_Check_25 ; Pin_1:Get_expected_pin_value_20 ; Pin_1:Read_CSV_21 ; Pin_1:Set_expected_pin_22 ; Pin_1:Read_CSV_24 ; Pin_1:If_14 ; Pin_1:Assign_16 ; Pin_1:pinTest0_11 ; Pin_1:Assign_10 ; Pin_1:Virtual_Flowchart_End_26 ; Main_1:CheckedPin_24 ; Main_1:_Term_test0__12 ; Main_1:Assign_18 ; Main_1:Assign_21 ; Main_1:Virtual_Flowchart_End_26 ; 
,,,,[0]=1234 ; ,,,100000,,,,,,Main_1:Node_loanTest0_1 ; Main_1:Node_loanTest1_5 ; Main_1:Assign_11 ; Main_1:Invoke_Pin_Check_25 ; Pin_1:Get_expected_pin_value_20 ; Pin_1:Read_CSV_21 ; Pin_1:Set_expected_pin_22 ; Pin_1:Read_CSV_24 ; Pin_1:If_14 ; Pin_1:Assign_16 ; Pin_1:pinTest0_11 ; Pin_1:Assign_10 ; Pin_1:Virtual_Flowchart_End_26 ; Main_1:CheckedPin_24 ; Main_1:Virtual_Flowchart_End_26 ; 
,,,,[0]=1234 ; ,,,100000,4,,,,,Main_1:Node_loanTest0_1 ; Main_1:Node_loanTest1_5 ; Main_1:Assign_11 ; Main_1:Invoke_Pin_Check_25 ; Pin_1:Get_expected_pin_value_20 ; Pin_1:Read_CSV_21 ; Pin_1:Set_expected_pin_22 ; Pin_1:Read_CSV_24 ; Pin_1:If_14 ; Pin_1:Assign_16 ; Pin_1:pinTest0_11 ; Pin_1:Assign_7 ; Pin_1:CheckRetryTest_4 ; Pin_1:Assign_3 ; Pin_1:Virtual_Flowchart_End_26 ; Main_1:CheckedPin_24 ; Main_1:_Term_test0__12 ; Main_1:Assign_15 ; Main_1:Assign_21 ; Main_1:Virtual_Flowchart_End_26 ; 
,,,,[0]=1234 ; ,,,100000,5,,,,,Main_1:Node_loanTest0_1 ; Main_1:Node_loanTest1_5 ; Main_1:Assign_11 ; Main_1:Invoke_Pin_Check_25 ; Pin_1:Get_expected_pin_value_20 ; Pin_1:Read_CSV_21 ; Pin_1:Set_expected_pin_22 ; Pin_1:Read_CSV_24 ; Pin_1:If_14 ; Pin_1:Assign_16 ; Pin_1:pinTest0_11 ; Pin_1:Assign_7 ; Pin_1:CheckRetryTest_4 ; Pin_1:Assign_3 ; Pin_1:Virtual_Flowchart_End_26 ; Main_1:CheckedPin_24 ; Main_1:_Term_test0__12 ; Main_1:Assign_18 ; Main_1:Assign_21 ; Main_1:Virtual_Flowchart_End_26 ; 
,,,,[0]=1234 ; ,,,100000,,,,,,Main_1:Node_loanTest0_1 ; Main_1:Node_loanTest1_5 ; Main_1:Assign_11 ; Main_1:Invoke_Pin_Check_25 ; Pin_1:Get_expected_pin_value_20 ; Pin_1:Read_CSV_21 ; Pin_1:Set_expected_pin_22 ; Pin_1:Read_CSV_24 ; Pin_1:If_14 ; Pin_1:Assign_16 ; Pin_1:pinTest0_11 ; Pin_1:Assign_7 ; Pin_1:CheckRetryTest_4 ; Pin_1:Assign_3 ; Pin_1:Virtual_Flowchart_End_26 ; Main_1:CheckedPin_24 ; Main_1:Virtual_Flowchart_End_26 ; 
,,,,[0]=1235 ; ,,,100000,4,,,,,Main_1:Node_loanTest0_1 ; Main_1:Node_loanTest1_5 ; Main_1:Assign_11 ; Main_1:Invoke_Pin_Check_25 ; Pin_1:Get_expected_pin_value_20 ; Pin_1:Read_CSV_21 ; Pin_1:Set_expected_pin_22 ; Pin_1:Read_CSV_24 ; Pin_1:If_14 ; Pin_1:Assign_17 ; Pin_1:pinTest0_11 ; Pin_1:Assign_10 ; Pin_1:Virtual_Flowchart_End_26 ; Main_1:CheckedPin_24 ; Main_1:_Term_test0__12 ; Main_1:Assign_15 ; Main_1:Assign_21 ; Main_1:Virtual_Flowchart_End_26 ; 
,,,,[0]=1235 ; ,,,100000,5,,,,,Main_1:Node_loanTest0_1 ; Main_1:Node_loanTest1_5 ; Main_1:Assign_11 ; Main_1:Invoke_Pin_Check_25 ; Pin_1:Get_expected_pin_value_20 ; Pin_1:Read_CSV_21 ; Pin_1:Set_expected_pin_22 ; Pin_1:Read_CSV_24 ; Pin_1:If_14 ; Pin_1:Assign_17 ; Pin_1:pinTest0_11 ; Pin_1:Assign_10 ; Pin_1:Virtual_Flowchart_End_26 ; Main_1:CheckedPin_24 ; Main_1:_Term_test0__12 ; Main_1:Assign_18 ; Main_1:Assign_21 ; Main_1:Virtual_Flowchart_End_26 ; 
,,,,[0]=1235 ; ,,,100000,,,,,,Main_1:Node_loanTest0_1 ; Main_1:Node_loanTest1_5 ; Main_1:Assign_11 ; Main_1:Invoke_Pin_Check_25 ; Pin_1:Get_expected_pin_value_20 ; Pin_1:Read_CSV_21 ; Pin_1:Set_expected_pin_22 ; Pin_1:Read_CSV_24 ; Pin_1:If_14 ; Pin_1:Assign_17 ; Pin_1:pinTest0_11 ; Pin_1:Assign_10 ; Pin_1:Virtual_Flowchart_End_26 ; Main_1:CheckedPin_24 ; Main_1:Virtual_Flowchart_End_26 ; 
,,,,[0]=1235 ; ,,,100000,4,,,,,Main_1:Node_loanTest0_1 ; Main_1:Node_loanTest1_5 ; Main_1:Assign_11 ; Main_1:Invoke_Pin_Check_25 ; Pin_1:Get_expected_pin_value_20 ; Pin_1:Read_CSV_21 ; Pin_1:Set_expected_pin_22 ; Pin_1:Read_CSV_24 ; Pin_1:If_14 ; Pin_1:Assign_17 ; Pin_1:pinTest0_11 ; Pin_1:Assign_7 ; Pin_1:CheckRetryTest_4 ; Pin_1:Assign_3 ; Pin_1:Virtual_Flowchart_End_26 ; Main_1:CheckedPin_24 ; Main_1:_Term_test0__12 ; Main_1:Assign_15 ; Main_1:Assign_21 ; Main_1:Virtual_Flowchart_End_26 ; 
,,,,[0]=1235 ; ,,,100000,5,,,,,Main_1:Node_loanTest0_1 ; Main_1:Node_loanTest1_5 ; Main_1:Assign_11 ; Main_1:Invoke_Pin_Check_25 ; Pin_1:Get_expected_pin_value_20 ; Pin_1:Read_CSV_21 ; Pin_1:Set_expected_pin_22 ; Pin_1:Read_CSV_24 ; Pin_1:If_14 ; Pin_1:Assign_17 ; Pin_1:pinTest0_11 ; Pin_1:Assign_7 ; Pin_1:CheckRetryTest_4 ; Pin_1:Assign_3 ; Pin_1:Virtual_Flowchart_End_26 ; Main_1:CheckedPin_24 ; Main_1:_Term_test0__12 ; Main_1:Assign_18 ; Main_1:Assign_21 ; Main_1:Virtual_Flowchart_End_26 ; 
,,,,[0]=1235 ; ,,,100000,,,,,,Main_1:Node_loanTest0_1 ; Main_1:Node_loanTest1_5 ; Main_1:Assign_11 ; Main_1:Invoke_Pin_Check_25 ; Pin_1:Get_expected_pin_value_20 ; Pin_1:Read_CSV_21 ; Pin_1:Set_expected_pin_22 ; Pin_1:Read_CSV_24 ; Pin_1:If_14 ; Pin_1:Assign_17 ; Pin_1:pinTest0_11 ; Pin_1:Assign_7 ; Pin_1:CheckRetryTest_4 ; Pin_1:Assign_3 ; Pin_1:Virtual_Flowchart_End_26 ; Main_1:CheckedPin_24 ; Main_1:Virtual_Flowchart_End_26 ; 
